KitchenAbvGr,TotRmsAbvGrd,PoolArea,LotArea,GrLivArea,OverallQual,TotalBath,BedroomAbvGr,GarageArea,TotalSF,YrSold,YearBuilt
1,8,0,8450,1710,7,3,3,548,2566,2008,2003
1,6,0,9600,1262,6,2,3,460,2524,2007,1976
1,6,0,11250,1786,7,3,3,608,2706,2008,2001
1,7,0,9550,1717,7,1,3,642,2473,2006,1915
1,9,0,14260,2198,8,3,4,836,3343,2008,2000
1,5,0,14115,1362,5,2,1,480,2158,2009,1993
1,7,0,10084,1694,8,2,3,636,3380,2007,2004
1,7,0,10382,2090,7,3,3,484,3197,2009,1973
2,8,0,6120,1774,7,2,2,468,2726,2008,1931
2,5,0,7420,1077,5,1,2,205,2068,2008,1939
1,5,0,11200,1040,5,1,3,384,2080,2008,1965
1,11,0,11924,2324,9,3,4,736,3499,2006,2005
1,4,0,12968,912,5,1,2,352,1824,2008,1962
1,7,0,10652,1494,7,2,3,840,2988,2007,2006
1,5,0,10920,1253,6,2,2,352,2506,2008,1960
1,5,0,6120,854,7,1,2,576,1686,2007,1929
1,5,0,11241,1004,6,1,2,480,2008,2010,1970
2,6,0,10791,1296,4,2,2,516,1296,2006,1967
1,6,0,13695,1114,5,2,3,576,2228,2008,2004
1,6,0,7560,1339,5,1,3,294,2368,2009,1958
1,9,0,14215,2376,8,4,4,853,3534,2006,2005
1,6,0,7449,1108,7,1,3,280,1745,2007,1930
1,7,0,9742,1795,8,2,3,534,3572,2008,2002
1,6,0,4224,1060,5,1,3,572,2100,2007,1976
1,6,0,8246,1060,5,1,3,270,2120,2010,1968
1,7,0,14230,1600,8,2,3,890,3166,2009,2007
1,5,0,7200,900,5,1,3,576,1800,2010,1951
1,7,0,11478,1704,8,2,3,772,3408,2010,2007
1,6,0,16321,1600,5,1,2,319,3084,2006,1957
1,4,0,6324,520,4,1,1,240,1040,2008,1927
1,6,0,8500,1317,4,1,3,250,1966,2008,1920
1,6,0,8544,1228,5,2,3,271,2456,2008,1966
1,7,0,11049,1234,8,2,3,484,2468,2008,2007
1,6,0,10552,1700,5,2,4,447,3098,2010,1959
1,6,0,7313,1561,9,2,2,556,3122,2007,2005
1,9,0,13418,2452,8,4,4,691,3569,2006,2004
1,6,0,10859,1097,5,2,3,672,2194,2009,1994
1,5,0,8532,1297,5,1,3,498,2594,2009,1954
1,5,0,7922,1057,5,1,3,246,2114,2010,1953
2,6,0,6040,1152,4,2,2,0,1152,2008,1955
1,6,0,8658,1324,6,2,3,440,2412,2006,1965
1,5,0,16905,1328,5,2,2,308,2678,2007,1959
1,5,0,9180,884,5,1,2,504,1724,2007,1983
1,5,0,9200,938,5,1,3,308,1876,2008,1975
1,6,0,7945,1150,5,1,3,300,2300,2006,1959
1,6,0,7658,1752,9,2,2,576,3504,2010,2005
1,6,0,12822,2149,7,2,1,670,3583,2009,2003
1,7,0,11096,1656,8,2,3,826,3312,2007,2006
3,8,0,4456,1452,4,2,2,0,2188,2009,1920
1,6,0,7742,955,5,1,3,386,1910,2007,1966
1,6,0,13869,1470,6,2,3,388,2264,2007,1997
1,6,0,6240,1176,6,1,3,528,1632,2006,1934
1,5,0,8472,816,5,1,2,516,1632,2010,1963
1,5,0,50271,1842,9,1,0,894,3684,2006,1981
1,6,0,7134,1360,5,1,3,572,1744,2007,1955
1,7,0,10175,1425,6,2,3,576,2850,2008,1964
1,7,0,2645,1739,8,3,3,480,2709,2009,1999
1,7,0,11645,1720,7,3,3,565,2580,2006,2004
1,10,0,13682,2945,10,4,3,641,4355,2006,2006
1,4,0,7200,780,5,1,2,352,1560,2008,1972
1,5,0,13072,1158,6,2,3,576,2316,2006,2004
1,6,0,7200,1111,5,1,3,288,1641,2007,1920
1,6,0,6442,1370,8,2,2,484,2740,2007,2006
1,9,0,10300,1710,7,2,3,480,2286,2010,1921
1,8,0,9375,2034,7,3,3,645,3091,2009,1997
1,9,0,9591,2473,8,3,4,852,3616,2007,2004
1,7,0,19900,2207,7,2,3,576,4154,2010,1970
1,7,0,10665,1479,7,2,3,558,2932,2007,2003
1,4,0,4608,747,4,1,2,220,1494,2010,1945
1,7,0,15593,2287,7,2,3,667,3591,2006,1953
1,8,0,13651,2223,7,2,3,516,4446,2007,1973
1,4,0,7599,845,4,1,2,360,1690,2007,1982
1,7,0,10141,1718,7,3,3,427,2550,2009,1998
1,6,0,10200,1086,5,1,3,490,2172,2010,1954
2,8,0,5790,1605,3,2,3,379,2445,2010,1915
1,5,0,1596,988,4,1,2,297,1450,2009,1973
1,4,0,8475,952,4,1,2,283,1904,2008,1956
1,6,0,8635,1285,5,1,2,240,1957,2008,1948
2,8,0,10778,1768,4,2,4,0,3536,2010,1968
1,5,0,10440,1230,5,2,2,440,1670,2009,1910
1,8,0,13000,2142,6,3,4,509,3038,2009,1968
1,5,0,4500,1337,6,2,2,405,2574,2006,1998
1,6,0,10206,1563,8,2,3,758,3126,2008,2007
1,6,0,8892,1065,5,2,3,461,2130,2007,1960
1,7,0,8530,1474,7,3,3,400,1858,2009,1995
1,9,0,16059,2417,8,3,4,462,3705,2006,1991
1,6,0,11911,1560,6,3,3,400,2244,2009,2005
1,4,0,3951,1224,6,3,2,528,1836,2009,2009
1,6,0,8470,1526,3,1,2,0,2026,2009,1915
1,5,0,8070,990,4,1,3,0,1980,2007,1994
1,4,0,7200,1040,4,1,2,420,1040,2006,1950
1,6,0,8500,1235,5,1,2,480,2470,2006,1961
1,5,0,13360,964,5,1,2,432,1840,2009,1921
2,9,0,7200,2291,6,2,4,506,3505,2007,1910
1,7,0,9337,1786,6,3,3,684,2610,2007,1997
1,6,0,9765,1470,6,3,3,420,2150,2009,1993
1,6,0,10264,1588,7,2,3,472,3176,2006,1999
1,6,0,10921,960,4,1,3,432,1920,2007,1965
1,5,0,10625,835,5,1,2,366,1293,2010,1920
1,6,0,9320,1225,4,2,3,0,2175,2010,1959
1,6,0,10603,1610,6,2,3,480,3220,2010,1977
1,7,0,9206,1732,6,3,3,476,2473,2010,1985
2,8,0,7018,1535,5,2,4,410,1535,2009,1979
1,6,0,10402,1226,7,2,3,740,2452,2010,2009
1,7,0,7758,1818,7,2,4,240,2858,2007,1931
1,9,0,9375,1992,8,3,3,648,3045,2008,2003
1,6,0,10800,1047,4,1,2,273,1688,2007,1885
1,5,0,6000,789,5,1,2,250,1578,2008,1948
1,7,0,8500,1517,5,2,3,0,2310,2007,1919
1,7,0,11751,1844,6,2,3,546,3688,2010,1977
1,7,0,9525,1855,6,2,4,325,2849,2006,1954
1,7,0,7750,1430,7,3,3,400,1814,2010,2000
1,10,0,9965,2696,7,3,4,792,3960,2007,2007
1,7,0,21000,2259,6,2,3,450,4068,2007,1953
1,9,0,7259,2320,6,3,3,180,3348,2007,1945
1,5,0,3230,1458,6,3,2,440,2187,2007,1999
1,6,0,11616,1092,5,1,3,288,2184,2009,1962
1,5,0,8536,1125,5,2,2,430,2250,2007,2006
1,11,0,12376,3222,7,3,5,594,4895,2010,1990
1,8,0,8461,1456,6,3,3,390,2184,2006,2005
1,4,0,21453,988,6,1,1,540,1926,2006,1969
1,4,0,6060,1123,4,1,3,264,1855,2007,1939
1,5,0,9464,1080,6,1,3,288,2160,2008,1958
1,5,0,7892,1199,6,2,2,530,2398,2008,1993
1,7,0,17043,1586,6,2,3,435,2948,2009,1979
1,5,0,6780,754,6,1,2,0,1040,2006,1935
1,5,0,4928,958,6,2,2,440,2036,2007,1976
1,5,0,4388,840,5,1,3,0,1512,2007,1930
1,6,0,7590,1348,6,2,3,453,2008,2006,1966
1,6,0,8973,1053,5,2,3,750,2061,2006,1958
1,8,0,14200,2157,7,3,4,487,3081,2006,1966
1,7,0,12224,2054,6,3,3,390,3046,2009,2000
1,7,0,7388,1327,5,1,3,624,2390,2007,1959
1,6,0,6853,1296,8,2,2,471,2563,2009,2001
1,7,0,10335,1721,5,3,3,440,3182,2006,1968
1,7,0,10400,1682,7,2,3,530,2986,2008,1970
1,5,0,10355,1214,5,2,3,318,2428,2007,1967
2,9,0,11070,1959,7,3,5,766,3866,2006,1988
1,7,0,9066,1852,8,3,3,660,2856,2008,1999
1,7,0,15426,1764,6,3,3,470,2692,2009,1997
1,5,0,10500,864,4,1,3,0,1728,2010,1971
1,7,0,11645,1734,7,2,3,660,3468,2006,2005
1,6,0,8520,1385,5,2,4,720,2295,2010,1952
1,6,0,10335,1501,7,2,3,577,2991,2009,1999
2,10,0,9100,1728,5,2,6,504,3456,2006,1963
1,7,0,2522,1709,6,2,3,380,2679,2006,2004
1,5,0,6120,875,5,1,2,180,1590,2009,1931
1,8,0,9505,2035,7,3,3,434,2919,2010,2001
1,6,0,7500,1080,7,1,3,0,2160,2008,2004
1,7,0,6240,1344,5,1,3,240,2240,2006,1936
1,5,0,10356,969,5,2,3,440,1938,2007,1975
1,6,0,13891,1710,8,2,2,866,3420,2008,2007
1,8,0,14803,1993,6,3,4,495,2818,2006,1971
1,4,0,13500,1252,6,1,1,564,2854,2008,1960
1,7,0,11340,1200,6,1,4,312,2400,2006,1923
1,5,0,9600,1096,6,1,2,0,1668,2008,1924
1,5,0,7200,1040,5,1,2,625,1040,2006,1950
1,8,0,12003,1968,8,3,4,680,2742,2010,2009
1,8,0,12552,1947,7,3,3,678,2938,2010,2004
1,9,0,19378,2462,7,3,4,576,3854,2006,2005
1,6,0,11120,1232,6,2,3,516,2464,2008,1984
1,10,0,13688,2668,9,3,3,726,4240,2008,2003
1,7,0,12182,1541,7,2,3,532,3082,2010,2005
1,4,0,5500,882,4,1,1,0,1764,2007,1956
1,5,0,5400,1616,6,2,3,216,2765,2007,1926
2,6,0,10106,1355,5,2,4,0,1999,2008,1940
1,7,0,10708,1867,5,1,2,303,3484,2009,1955
1,8,0,10562,2161,8,2,3,789,3743,2007,2007
1,7,0,8244,1720,7,3,3,440,2560,2007,2004
1,6,0,16669,1707,8,3,2,511,3393,2006,1981
1,7,0,12358,1382,5,2,2,660,1574,2007,1941
1,7,0,31770,1656,6,1,3,528,2736,2010,1960
1,5,0,5306,1767,7,2,2,504,2831,2006,1987
1,6,0,10197,1362,6,2,3,504,2724,2008,1961
1,7,0,12416,1651,6,2,3,616,3257,2008,1986
1,7,0,12615,2158,6,2,4,576,3360,2007,1950
1,8,0,10029,2060,6,3,4,521,3211,2007,1988
1,8,0,13650,1920,5,2,4,451,2972,2006,1958
1,9,0,17423,2234,9,2,1,1166,4450,2009,2008
1,5,0,8520,968,5,1,2,480,1936,2007,1923
1,5,0,2117,1525,6,3,3,440,2281,2007,2000
1,9,0,7588,1802,7,2,4,216,2595,2006,1920
1,7,0,9060,1340,5,1,3,252,1340,2007,1957
1,6,0,11426,2082,7,3,3,484,3444,2008,2003
1,5,0,7438,1252,5,1,3,576,1756,2006,1908
1,12,0,22950,3608,10,3,4,840,4143,2006,1892
1,6,0,9947,1217,7,2,3,497,2405,2009,1990
1,8,0,10410,1656,5,3,3,180,2172,2009,1916
2,6,0,7018,1224,5,2,2,528,2310,2009,1979
1,5,0,4923,1593,8,2,0,682,3186,2008,2001
1,10,0,10570,2727,8,3,3,440,3580,2007,1932
1,7,0,7472,1479,7,2,4,484,2204,2007,1972
1,6,0,9017,1431,7,2,3,666,2862,2009,1999
1,7,0,2522,1709,7,2,3,380,2679,2006,2004
1,5,0,7180,864,5,1,3,352,1728,2008,1972
1,7,0,2280,1456,6,3,3,440,2311,2009,1976
1,8,0,9416,1726,7,2,3,786,3452,2007,2007
1,8,512,25419,3112,8,2,4,795,4080,2006,1918
1,8,0,5520,2229,6,1,5,0,2613,2009,1912
1,7,0,9591,1713,8,2,3,856,3426,2009,2004
1,5,0,8546,1121,4,2,2,440,2242,2010,2003
1,6,0,10125,1279,6,2,3,473,2475,2008,1977
1,6,0,7000,1310,6,2,2,398,1927,2006,1924
1,3,0,4438,848,6,1,1,420,1696,2008,2004
1,5,0,3500,1284,5,2,2,240,2004,2009,1947
1,5,0,11851,1442,7,2,3,500,2866,2009,1990
1,8,0,13673,1696,5,2,3,349,2836,2007,1962
1,6,0,12493,1100,4,1,3,312,2200,2008,1960
1,7,0,14364,2062,7,3,3,454,3219,2007,1988
1,6,0,8250,1092,6,1,3,504,2184,2008,1964
1,5,0,5604,864,5,1,2,0,1728,2008,1925
1,6,0,10420,1212,6,2,3,460,2424,2010,2009
1,7,0,8640,1852,7,3,3,644,2752,2009,2009
1,5,0,13568,990,5,1,3,576,1980,2006,1995
1,6,0,10900,1392,6,2,3,299,2081,2010,1977
1,6,0,10011,1236,5,1,2,447,2306,2006,1957
1,8,0,8450,1436,7,2,3,484,2872,2008,2004
1,8,0,9906,1328,4,1,3,210,2014,2006,1925
1,8,0,15660,1954,7,2,3,431,2752,2008,1939
1,5,0,3010,1248,7,2,2,438,2496,2006,2005
1,5,0,8990,1498,7,2,2,675,2996,2006,2006
1,8,0,8068,2267,6,3,4,390,3277,2009,2002
1,6,0,11475,1552,6,3,3,434,2265,2006,1975
1,4,0,10500,864,4,1,2,576,1728,2009,1971
1,8,0,13472,2392,10,2,3,968,4784,2009,2003
1,6,0,1680,1302,5,3,3,280,1932,2009,1971
1,9,0,9950,2520,7,3,4,721,3723,2007,1995
1,5,0,1869,987,6,2,2,280,1470,2008,1970
1,5,0,8521,912,5,1,3,336,1824,2010,1967
1,7,0,3182,1555,7,2,2,430,2928,2009,2005
1,6,0,8760,1194,6,1,3,312,2388,2010,1959
1,9,0,15138,2794,8,3,4,810,4256,2009,1995
1,5,0,1680,987,6,2,2,288,1470,2006,1972
1,5,0,10650,894,5,1,3,308,1788,2010,1976
1,8,0,7851,1960,6,3,4,440,2820,2010,2002
1,5,0,1680,987,6,2,2,264,1470,2008,1971
1,6,0,8773,1414,7,2,3,494,2828,2010,2004
1,7,0,9453,1744,7,3,3,457,2740,2010,1993
1,7,0,12030,1694,8,2,3,818,3388,2007,2007
1,7,0,8741,1487,6,2,3,220,2222,2010,1945
1,7,0,9000,1566,8,2,3,750,3132,2010,2008
1,4,0,3880,866,5,1,2,0,1552,2007,1945
1,6,0,5000,1440,5,1,3,352,1980,2006,1900
1,6,0,10762,1217,6,2,3,288,1843,2009,1980
1,8,0,8880,2110,7,3,3,463,3058,2010,1994
1,6,0,10400,1872,7,2,3,604,3717,2006,1988
2,9,0,9142,1928,6,2,4,440,2948,2006,1910
1,5,0,11310,1375,6,1,2,451,2742,2006,1954
1,8,0,11317,1668,7,3,3,500,2508,2007,2003
1,7,0,159000,2144,6,2,4,389,3588,2007,1958
1,6,0,5350,1306,3,1,3,0,2034,2010,1940
1,5,0,4750,1625,8,2,2,538,3198,2007,2006
1,6,0,8366,1640,6,3,3,520,2438,2008,2004
1,7,0,9350,1302,6,2,3,309,2604,2007,1964
1,5,0,8400,1314,5,1,3,294,2628,2010,1957
1,8,0,8738,2291,7,3,4,429,3266,2006,1999
1,7,0,8791,1728,6,3,3,673,2592,2008,2003
1,8,0,8814,1604,7,3,3,660,3208,2009,2006
1,7,0,12435,1792,7,3,3,564,2755,2008,2001
1,4,0,12702,882,5,1,2,308,882,2008,1956
1,6,0,19296,1382,6,1,3,884,2744,2009,1962
1,10,0,9588,2574,8,3,3,868,4056,2007,2007
1,6,0,8471,1212,6,1,3,492,1718,2006,1977
1,6,0,5500,1316,5,1,3,484,1852,2010,1929
1,4,0,5232,764,5,1,2,504,1444,2008,1925
1,7,0,12090,1422,6,2,3,576,2844,2008,1981
1,8,0,11207,1511,6,3,3,413,2313,2006,1997
1,8,0,8400,2192,5,3,4,240,2492,2008,1939
1,4,0,6900,778,5,1,2,924,1518,2008,1940
1,6,0,7917,1113,6,2,3,504,2256,2007,1976
1,8,0,10728,1939,8,3,3,1053,3034,2006,2006
1,5,0,39104,1363,7,1,2,439,2748,2008,1954
1,9,0,11764,2270,8,3,4,671,3422,2010,1999
1,6,0,9600,1632,6,2,3,338,2872,2009,1958
1,5,0,8314,816,5,1,2,264,1632,2007,1982
1,5,0,7264,1548,7,3,3,672,2500,2009,1925
1,7,0,9196,1560,7,2,3,573,3120,2010,2003
1,4,0,19138,864,4,1,2,400,1728,2010,1951
1,8,0,14450,2121,9,3,3,732,4242,2007,2006
1,8,0,10005,2022,7,3,4,505,3182,2008,1977
1,7,0,11287,1982,7,3,3,575,2789,2007,1989
1,5,0,7200,1262,6,2,2,572,2524,2006,2006
1,6,0,5063,1314,7,2,2,626,2628,2009,2007
1,6,0,9612,1468,8,2,3,898,2936,2009,2008
1,5,0,8012,1575,6,2,2,529,3150,2007,1992
1,5,0,4251,1250,7,3,2,528,1875,2007,2006
1,7,0,9786,1734,6,2,3,440,2646,2006,1962
1,5,0,8125,858,4,1,3,0,1716,2006,1971
1,5,0,9819,900,5,1,3,280,1782,2010,1967
1,7,0,8730,1396,6,1,3,384,2094,2007,1915
1,8,0,15611,1919,8,3,3,685,2998,2006,2006
1,9,0,5687,1716,5,2,6,0,2496,2008,1912
1,8,0,11409,1716,5,2,3,281,2484,2009,1949
1,9,0,16659,2263,7,3,3,539,3058,2006,1977
1,7,0,9600,1644,6,1,3,418,3060,2009,1953
1,6,0,7937,1003,6,1,3,588,2006,2006,1984
1,6,0,13710,1558,5,2,4,282,2468,2007,1950
1,7,0,7399,1950,7,3,3,576,2925,2007,1997
1,7,0,11700,1743,6,3,3,539,2445,2007,1968
1,6,0,14000,1152,6,1,3,300,2244,2009,1950
1,5,0,15750,1336,5,1,2,375,2501,2006,1953
1,9,0,16226,2452,8,3,4,683,3480,2007,1998
1,6,0,13704,1541,7,2,3,843,3082,2006,2001
1,5,0,9800,894,5,1,3,552,1788,2006,1972
1,10,0,18386,3493,7,3,3,870,4963,2008,1880
1,8,0,10386,2000,8,2,3,888,4000,2007,2004
1,8,0,13474,2243,7,3,4,746,2943,2007,1990
1,6,0,7920,1406,6,1,3,0,1725,2008,1920
1,4,0,12342,861,4,1,1,539,1722,2009,1940
1,8,0,12378,1944,9,2,3,708,3840,2006,2003
1,6,0,7685,1501,6,3,3,420,2198,2006,1993
1,5,0,8000,972,6,1,2,240,1944,2009,1948
1,5,0,7800,1118,5,1,3,410,1911,2006,1939
1,8,0,215245,2036,7,2,3,513,4172,2009,1965
1,6,0,9600,1641,7,2,3,546,2369,2006,1925
1,6,0,7795,1432,7,3,3,432,2148,2009,2004
1,10,0,13005,2353,7,3,4,484,3198,2009,1980
1,8,0,9000,1959,8,3,3,1025,3047,2007,2006
1,9,0,9900,2646,7,3,4,656,3993,2009,1993
1,6,0,14115,1472,7,2,3,588,2844,2009,1980
1,9,0,16259,2596,9,4,4,840,3845,2006,2006
1,10,0,12099,2468,8,3,4,872,3604,2007,2004
1,8,0,10380,2730,7,3,4,576,4232,2007,1986
1,6,0,5820,1163,3,1,3,220,2325,2006,1955
1,11,0,11275,2978,7,3,5,564,3688,2010,1967
1,5,0,5000,803,5,1,2,360,1523,2007,1941
1,6,0,10846,1719,8,2,1,473,3438,2008,1993
1,7,0,11600,1383,6,2,3,292,2766,2006,1960
1,10,0,11888,2134,6,2,5,441,2978,2009,1916
1,6,0,6402,1192,5,1,3,189,1788,2009,1920
2,10,0,10624,1728,5,2,6,352,3456,2007,1964
1,6,0,8176,1056,5,1,3,308,2112,2007,1958
1,7,0,10655,1629,8,2,3,880,4835,2009,2003
1,6,0,8198,1358,7,2,2,484,2716,2008,2004
1,7,0,9042,1638,6,3,3,472,2581,2008,1998
1,7,0,164660,1786,5,2,3,529,3285,2008,1965
1,8,0,14157,1922,9,2,3,676,3844,2007,2005
1,7,0,9135,1536,7,2,3,532,3072,2008,2002
1,8,0,14145,1621,7,2,3,440,2829,2006,1984
1,6,0,12400,1215,6,1,3,297,2430,2009,1958
1,9,0,14191,1908,8,3,4,431,2875,2010,2002
1,4,0,8400,841,4,1,2,294,1562,2009,1950
2,6,0,8544,1040,3,2,2,400,1040,2006,1949
1,6,0,8849,1684,9,2,2,564,3368,2008,2005
1,4,0,2592,1112,5,2,3,336,1648,2010,1976
1,6,0,6435,1577,6,1,3,312,2549,2006,1939
1,5,0,12772,958,6,1,2,301,1916,2007,1960
1,6,0,17600,1478,6,2,3,498,2956,2009,1960
1,6,0,2448,1626,7,3,2,474,2390,2008,2003
1,10,0,20431,2728,9,3,4,706,4576,2006,2005
1,6,0,7820,1869,9,2,2,617,3738,2007,2007
1,6,0,5271,1453,7,2,2,445,2906,2006,1986
1,5,0,9084,1111,5,1,3,200,1727,2008,1941
1,5,0,8520,720,6,1,2,484,1344,2010,1928
1,6,0,8400,1595,6,1,2,240,2535,2006,1940
1,6,0,11249,1200,6,2,3,521,2400,2007,1995
1,6,0,9248,1167,6,2,3,400,2325,2009,1992
1,6,0,4224,1142,5,2,3,528,2284,2007,1976
1,6,0,6930,1352,5,1,3,288,2414,2006,1958
1,7,0,12011,1924,8,3,3,592,3010,2006,1998
1,5,0,7540,912,6,1,2,470,1800,2007,1978
1,8,0,9144,1505,5,1,3,240,2388,2008,1940
1,7,0,7301,1922,7,3,4,672,1922,2009,2003
1,5,0,1680,987,6,2,2,264,1470,2009,1972
1,6,0,18800,1574,6,3,3,566,2370,2006,1976
1,6,0,10690,1344,5,1,3,468,2016,2009,1920
1,6,0,9500,1394,6,2,3,514,2788,2009,1963
1,6,0,9150,1431,6,1,3,296,2530,2008,1962
1,7,0,7800,1268,5,1,2,244,2536,2010,1954
1,7,0,9830,1287,5,1,3,576,2350,2010,1959
1,7,0,8121,1664,6,3,3,460,2617,2006,2000
1,7,0,17120,1588,4,2,4,680,1588,2008,1959
1,4,0,7175,752,6,1,2,264,1496,2010,1984
1,5,0,10634,1319,5,1,3,270,1927,2009,1953
1,8,0,8200,1928,7,3,4,434,2775,2007,2003
1,4,0,10020,904,1,1,1,0,1587,2009,1922
1,5,0,8846,914,5,1,2,576,1784,2006,1996
1,8,0,11143,2466,8,3,4,610,4046,2007,2004
1,8,0,11394,1856,9,2,1,834,3712,2010,2010
1,7,0,8123,1800,6,3,3,463,2782,2009,2000
1,6,0,5000,1691,5,2,3,308,2717,2010,1924
1,5,0,7200,1301,7,2,2,572,2594,2006,2006
1,8,0,9245,1797,7,3,3,639,2736,2007,2006
1,5,0,9000,784,6,1,2,360,1568,2009,1928
1,9,0,53107,1953,6,3,3,501,3533,2007,1992
1,6,0,3182,1269,8,2,2,430,2525,2010,2004
1,8,0,8410,1184,5,1,5,0,1842,2006,1910
1,6,0,7200,1125,6,1,3,352,2166,2009,1976
1,6,0,9382,1479,7,2,3,577,2947,2008,1999
1,9,0,12474,2332,10,3,3,846,4014,2008,2007
1,7,0,8405,1367,5,1,4,384,2228,2008,1900
1,7,0,12209,1961,6,3,3,560,2765,2009,2001
1,5,0,8339,882,5,1,3,294,882,2007,1959
1,4,0,7446,788,4,1,2,0,1576,2006,1941
1,5,0,10134,1034,5,1,2,240,1769,2007,1940
1,6,0,9571,1144,5,1,3,596,2288,2010,1956
1,6,0,7200,894,5,1,2,600,1788,2009,1972
1,8,0,7590,1812,5,2,4,264,2676,2007,1962
1,6,0,8967,1077,5,1,2,338,2038,2007,1920
1,7,0,8125,1550,7,2,2,438,2642,2009,2006
1,4,0,14963,1288,8,2,1,500,2548,2008,1996
1,6,0,8767,1310,7,2,3,400,2620,2006,2005
1,4,0,10200,672,5,1,2,240,1344,2008,1940
1,10,0,12090,2263,8,3,4,420,3404,2006,1998
1,7,0,10364,1572,6,3,3,373,2378,2007,1995
1,8,0,9991,1620,4,2,3,490,2901,2009,1976
1,6,0,10480,1639,6,1,3,240,2230,2008,1936
1,8,0,15576,1680,6,2,4,308,2520,2008,1915
1,9,0,14154,2172,7,3,3,947,3235,2007,2006
1,8,0,10800,2078,8,3,3,836,3112,2008,2007
1,5,0,9571,1276,5,1,3,350,2552,2009,1958
1,5,0,34650,1056,5,1,3,572,2112,2006,1955
1,7,0,4403,1478,7,3,2,484,2948,2010,2009
1,5,0,8960,1028,5,1,2,360,2036,2010,1927
1,9,0,11228,2097,7,3,3,678,3177,2008,1993
1,6,0,8899,1340,7,2,3,396,2680,2007,2007
1,6,0,7844,1400,6,2,3,440,2072,2006,1978
1,10,0,22420,2624,6,3,4,864,3994,2007,1918
1,7,0,8160,1134,5,2,3,240,1890,2007,1940
1,6,0,8450,1056,5,1,3,304,2112,2010,1968
2,8,0,7060,1344,7,2,2,784,2688,2008,1997
1,8,0,16635,1602,6,2,3,529,3204,2009,1977
1,4,0,21750,988,5,1,2,520,1976,2008,1954
1,8,0,9200,2630,8,3,4,696,4100,2008,1998
1,6,0,9000,1196,6,1,2,297,2392,2008,1956
1,6,0,3378,1389,7,2,3,240,2040,2009,1946
1,5,0,12800,1644,7,2,2,569,3162,2009,1989
1,5,0,8593,907,4,1,3,352,1814,2008,1957
1,6,0,6762,1208,7,2,2,628,2416,2007,2007
1,6,0,11457,1412,6,2,3,576,2804,2009,1988
1,4,0,1680,987,6,2,2,264,1470,2008,1971
1,7,0,5586,1198,6,1,4,0,2099,2008,1920
1,6,0,1920,1365,5,2,2,440,2130,2007,1971
1,7,0,10839,1604,6,3,3,470,2530,2008,1997
1,3,0,1890,630,4,1,1,0,1260,2008,1972
1,6,0,10667,1661,7,3,3,550,2460,2009,1996
1,6,0,4400,1118,6,1,2,440,1766,2006,1920
1,4,0,6000,904,6,1,2,180,1788,2009,1926
1,4,0,4280,694,5,1,2,352,1134,2007,1913
1,7,0,12354,1196,6,1,3,528,1880,2009,1920
1,10,0,15431,2402,10,2,2,672,5496,2009,2008
2,8,0,12108,1440,4,2,4,0,2880,2008,1955
1,8,0,6240,1573,5,2,3,360,2651,2008,1930
1,6,0,3922,1258,7,2,2,648,2516,2007,2006
1,8,0,8750,1908,7,3,4,493,2823,2008,1994
1,7,0,9855,1689,6,1,3,480,3125,2009,1956
1,6,0,16492,1888,6,3,2,578,3405,2010,1966
1,10,0,11214,1886,7,3,4,431,2816,2006,1998
1,7,0,8600,1376,6,2,3,198,2156,2006,1937
1,6,0,6000,1183,3,2,2,308,1832,2007,1948
1,5,0,5684,813,6,1,2,270,1626,2006,1930
1,5,0,70761,1533,7,2,2,576,3066,2006,1975
1,7,0,9303,1756,6,3,3,422,2628,2007,1996
1,6,0,9000,1590,8,3,3,676,2358,2009,2008
2,8,0,9297,1728,5,2,4,560,3456,2006,1976
1,6,0,9600,1242,7,2,3,528,2484,2007,1973
1,7,0,4571,1344,5,1,4,513,1968,2008,1916
1,6,0,53227,1663,4,1,2,529,3027,2008,1954
1,7,0,5100,1666,8,1,3,228,2254,2008,1925
1,5,0,7015,1203,5,1,3,352,1912,2009,1950
1,8,0,8004,1935,8,3,3,552,2767,2009,2009
1,6,0,7200,1135,7,1,3,576,1695,2009,1936
1,5,0,8281,864,5,1,3,360,1728,2009,1965
1,6,0,11988,1660,6,2,3,240,2375,2008,1934
1,5,0,8430,1040,5,2,3,0,2080,2009,1978
1,6,0,3072,1414,7,2,2,398,2789,2006,2004
1,5,0,10628,1277,7,1,2,526,2554,2007,1970
1,7,0,9480,1644,5,2,3,312,2372,2007,1942
1,7,0,11428,1634,8,2,3,866,3260,2007,2006
1,7,0,9291,1710,6,3,3,506,2542,2008,1993
1,4,0,6820,1502,8,2,1,528,2990,2010,1985
1,8,0,11952,1969,7,3,3,534,2777,2007,1977
1,5,0,3675,1072,6,1,2,525,1619,2008,2005
1,7,0,14977,1976,8,2,2,908,3952,2007,2006
1,6,0,5330,1652,8,2,2,499,3146,2007,2000
1,5,0,8480,970,5,1,2,624,1940,2007,1963
1,7,0,13125,1493,6,2,3,508,2971,2008,1997
1,9,0,13693,2643,9,3,3,694,4796,2007,2006
1,7,0,10637,1718,8,2,3,826,3423,2009,2007
1,7,0,5925,1131,4,1,2,672,2038,2007,1937
1,8,0,16033,1850,9,2,3,772,3683,2006,2004
1,6,0,11846,1792,9,2,2,874,3584,2006,2003
1,7,0,2500,1826,7,2,4,164,2736,2009,1915
1,5,0,4500,1216,6,2,2,402,2432,2006,1998
1,6,0,7758,999,5,1,3,264,1998,2007,1962
1,5,0,9600,1113,5,1,3,264,2226,2009,1950
1,6,0,10289,1073,5,2,3,515,2146,2007,1965
1,7,0,12243,1484,5,2,3,487,2968,2007,1971
2,10,0,10800,2414,5,2,3,520,3368,2006,1900
1,3,0,1526,630,4,1,1,286,1260,2009,1970
1,4,0,2665,1304,5,2,3,336,1568,2008,1976
1,5,0,9490,1578,6,1,3,240,2384,2006,1941
1,8,0,15578,1456,6,3,3,429,2184,2006,2006
1,6,0,7931,1269,5,2,3,308,2538,2008,1960
1,4,0,5784,886,5,1,2,273,1076,2009,1938
1,4,0,7879,720,4,1,2,0,1440,2009,1920
1,10,0,12692,3228,8,3,4,546,6428,2007,1992
1,8,0,9120,1820,7,2,4,240,2846,2008,1925
1,5,0,7800,899,5,1,3,288,1763,2009,1967
1,5,0,7535,912,5,1,2,297,1824,2007,1958
1,7,0,1890,1218,6,2,3,264,1890,2007,1973
1,7,0,9803,1768,7,3,3,603,2634,2008,2005
1,6,0,9170,1214,5,1,2,461,2428,2007,1965
1,6,0,15602,1801,7,2,1,484,3302,2010,1959
1,6,0,2308,1322,6,3,3,440,2177,2009,1974
2,10,0,7596,1960,5,2,4,400,2920,2009,1952
1,8,0,9554,1911,8,3,3,471,2688,2006,1993
1,4,0,7862,1218,6,2,2,676,2436,2009,2009
1,7,0,9600,1378,7,2,3,360,2067,2008,1928
1,6,0,9600,1041,5,1,3,270,2082,2009,1959
1,6,0,14559,1363,5,1,2,288,2371,2009,1951
1,6,0,6792,1368,7,2,2,474,2736,2006,2005
1,5,0,9100,864,5,1,3,624,1728,2006,1958
1,5,0,9187,1080,6,2,3,484,2164,2007,1983
1,5,0,10594,789,5,1,2,200,1557,2007,1926
1,9,0,12220,2020,10,3,3,900,4026,2009,2009
1,7,0,10448,2119,6,3,3,583,2808,2009,1972
1,7,0,10208,2344,7,3,3,889,3608,2009,1996
1,7,0,9531,1796,6,3,3,546,2590,2007,1998
1,9,0,10918,2080,7,2,3,282,3356,2009,1926
2,7,0,10800,1294,4,2,3,0,1294,2008,1900
1,6,0,11988,1244,6,2,3,336,2488,2007,1957
1,7,0,5000,1664,6,2,3,420,2668,2006,1947
1,11,0,40094,4676,10,4,3,884,7814,2007,2007
1,8,0,11787,2398,7,3,3,834,3777,2007,1996
1,6,0,7500,1266,7,2,3,453,2523,2006,2005
1,4,0,13300,928,5,1,2,252,1856,2007,1956
1,11,0,14948,2713,9,3,3,858,4165,2008,2008
1,5,0,9098,605,4,1,2,0,1133,2007,1920
2,9,0,32668,2515,6,3,4,484,4550,2007,1957
1,5,0,10200,1509,6,2,3,600,2970,2008,1988
1,6,0,6155,1362,6,2,3,502,1973,2008,1920
1,5,0,7200,827,5,1,2,392,827,2010,1955
1,2,0,5000,334,1,1,1,0,334,2007,1946
1,6,0,9056,1414,8,3,3,403,2121,2006,2004
1,5,0,7000,1347,5,1,3,0,2464,2008,1910
1,8,0,8924,1724,7,3,3,527,2604,2008,1998
1,5,0,12735,864,4,1,3,576,1728,2008,1972
1,7,0,11553,1159,5,2,3,336,2210,2006,1968
1,6,0,11423,1601,8,2,3,670,3182,2010,2001
1,8,0,14601,1838,9,2,2,765,3676,2009,2006
1,8,0,11000,2285,8,3,4,648,3254,2007,2000
1,7,0,10140,1680,7,2,3,583,3330,2009,1998
1,4,0,4058,767,7,1,1,367,1490,2007,1998
1,7,0,17104,1496,7,3,3,426,2150,2006,2006
1,9,0,13837,2183,7,3,4,786,3387,2006,1988
1,6,0,8737,1635,6,2,3,440,2700,2007,1923
1,5,0,7244,768,5,1,2,624,1536,2007,1970
1,4,0,8235,825,5,1,2,720,1650,2008,1955
1,8,0,9375,2094,7,3,4,615,3006,2009,2003
1,4,0,4043,1069,6,2,2,440,2138,2008,1977
1,5,0,6000,928,5,1,3,288,1856,2008,1957
1,7,0,11146,1717,8,2,3,908,3426,2009,2006
1,5,0,8777,1126,4,2,2,520,1126,2009,1949
1,8,0,10625,2046,7,3,3,871,3044,2008,2003
1,5,0,6380,1048,5,1,2,280,2041,2006,1922
1,6,0,14850,1092,5,1,2,299,2184,2006,1957
1,7,0,11040,1336,4,2,3,570,1973,2006,1920
1,6,0,21872,1446,7,3,3,406,2175,2008,1996
1,7,0,3196,1557,7,2,2,420,2931,2006,2003
1,5,0,11341,1392,5,2,3,528,2784,2010,1957
1,6,0,10010,1389,5,1,2,418,2778,2006,1974
1,6,0,13907,996,5,1,3,0,1992,2008,1940
1,8,0,21780,1674,6,2,4,396,2837,2008,1918
1,9,0,13346,2295,7,3,4,590,3390,2006,1992
1,6,0,6858,1647,6,2,4,216,2453,2010,1915
1,11,0,11198,2504,9,3,4,656,3626,2008,2005
1,7,0,10171,1535,7,2,3,532,3052,2010,2004
1,5,0,12327,2132,8,2,1,612,3628,2009,1983
1,4,0,7032,943,5,1,2,600,1886,2006,1979
2,10,0,13101,1728,5,2,6,576,3456,2008,1965
1,4,0,7332,864,6,1,2,288,1728,2006,1959
1,6,0,13159,1692,7,3,3,650,2538,2009,2009
1,8,0,9967,1430,7,3,3,400,1814,2007,2000
1,5,0,10500,1109,5,1,3,288,1481,2007,1971
1,6,0,8480,1216,5,1,2,336,2048,2008,1947
1,6,0,6292,1477,7,2,3,216,2338,2009,1928
1,6,0,11777,1320,5,1,3,564,2484,2006,1966
1,5,0,3604,1392,7,2,2,540,2081,2008,2007
1,7,0,12150,1795,5,2,4,352,2845,2008,1954
1,7,0,14585,1429,6,1,3,572,2573,2007,1960
1,8,0,12704,2042,8,3,3,1390,4084,2009,2008
1,5,0,11841,816,6,1,3,0,1632,2007,1990
1,9,0,13500,2775,10,4,3,880,4012,2008,1893
1,6,0,6120,1573,4,1,3,240,2457,2009,1935
1,7,0,11443,2028,8,2,2,880,3896,2006,2005
1,5,0,10267,838,6,1,2,275,1654,2008,1918
1,4,0,8740,860,5,1,2,528,1700,2009,1982
1,5,0,25095,1473,5,1,1,452,2910,2009,1968
1,4,0,9100,935,5,1,2,308,1521,2008,1930
1,6,0,8320,1582,7,3,3,520,2352,2008,2004
1,10,0,13478,2296,10,3,3,842,4018,2009,2008
1,4,0,6600,816,5,1,2,816,1632,2008,1982
1,4,0,4435,848,6,1,1,420,1696,2009,2003
1,5,0,7990,924,5,1,3,280,1848,2008,1975
1,7,0,11302,1826,8,2,3,758,3640,2006,2005
1,7,0,3600,1368,6,1,3,216,2052,2006,1910
1,7,0,3922,1402,7,2,2,648,2660,2007,2006
1,7,0,12984,1647,5,2,3,621,3077,2006,1977
1,6,0,1950,1556,6,3,3,452,2272,2008,1980
1,8,0,10927,1904,8,3,3,736,2962,2006,2005
1,6,0,9000,1375,6,2,3,544,2155,2007,1937
1,8,0,10041,1915,8,3,3,506,2823,2006,1992
1,4,0,3182,1200,7,3,2,480,1800,2010,2004
1,6,0,12803,1494,7,2,3,530,2988,2008,2002
1,7,0,13600,1986,7,3,3,486,2754,2009,1965
1,6,0,12464,1040,5,1,3,576,2080,2009,1996
1,8,0,7800,2008,5,3,3,230,2904,2006,1948
1,10,0,12168,3194,8,3,4,380,4159,2007,1934
1,5,0,7943,1029,4,1,3,261,2058,2007,1961
1,8,0,11050,2153,9,3,3,736,3593,2009,2000
1,6,0,10395,1032,6,2,3,564,2064,2007,1978
1,7,0,11885,1872,8,3,3,531,3171,2009,2001
1,6,0,8402,1120,5,1,3,0,2240,2007,2007
1,3,0,1491,630,4,1,1,0,1260,2010,1972
1,6,0,8800,1054,6,1,3,480,1990,2010,1963
1,7,0,7861,1509,6,3,3,393,2292,2006,2002
1,4,0,7227,832,6,1,2,528,1664,2008,1954
1,9,0,11694,1828,9,2,3,774,3650,2007,2007
1,10,0,12244,2262,8,3,4,749,3744,2008,2003
1,5,0,8248,864,3,1,2,0,1728,2008,1914
1,9,0,10800,2614,6,3,4,624,4136,2008,1974
1,6,0,7064,980,5,1,3,484,1960,2009,1977
1,4,0,2117,1512,6,3,2,440,2268,2007,2000
1,8,0,10400,1790,6,3,4,484,2522,2006,1972
1,5,0,10000,1116,6,2,3,440,2232,2010,1962
1,6,0,12342,1422,5,1,3,286,2400,2007,1960
1,7,0,9600,1520,6,1,3,364,2676,2010,1955
1,9,0,11606,2080,5,3,5,504,3120,2007,1969
1,6,0,9020,1350,6,2,3,520,2598,2008,1964
1,8,0,9000,1750,5,1,3,240,2386,2006,1880
1,6,0,4590,1554,8,2,2,627,3108,2007,2006
1,6,0,11900,1411,7,2,3,544,2797,2009,1977
1,6,0,9250,1056,5,1,3,260,2112,2007,1954
2,4,0,6979,1056,6,0,0,576,2112,2010,1980
2,14,0,10896,3395,6,2,8,0,4320,2007,1914
1,4,0,6120,800,2,1,1,0,1064,2009,1936
2,7,0,6000,1387,5,2,3,256,2198,2009,1954
1,4,0,8777,796,5,1,2,0,1592,2008,1910
1,7,0,3982,1567,8,2,1,648,3087,2006,2006
1,6,0,12677,1518,8,2,1,588,3036,2008,2003
1,7,0,7050,1929,7,3,3,650,2986,2007,2001
1,9,0,13860,2704,8,3,4,538,4656,2009,1972
1,7,0,10793,1620,5,3,4,462,2400,2007,1969
1,7,0,9187,1766,9,3,2,478,3532,2009,2009
1,5,0,10530,981,6,2,3,576,1962,2007,1971
1,7,0,7200,1048,5,1,3,420,1048,2008,1950
1,5,0,10452,1094,6,1,3,495,2188,2008,1953
1,7,0,7700,1839,6,2,4,442,2595,2010,1966
1,3,0,1936,630,4,1,1,0,1260,2007,1970
1,7,0,8125,1665,7,3,3,562,2478,2008,2007
1,7,0,9084,1510,4,1,4,296,2265,2009,1940
1,7,0,8750,1716,7,3,2,512,2596,2009,1996
1,7,0,10320,1469,6,1,3,216,2225,2008,1906
1,7,0,10437,2113,8,3,2,839,4222,2008,1995
1,6,0,1680,1092,6,2,3,264,1617,2010,1971
1,5,0,10007,1053,5,2,3,312,2106,2008,1959
1,6,0,7200,1502,7,2,3,270,2278,2008,1931
1,6,0,17503,1458,6,1,3,330,2370,2010,1948
1,7,0,9937,1486,5,1,3,480,2972,2009,1964
1,7,0,12384,1935,7,3,3,550,2728,2007,1976
1,8,0,46589,2448,8,3,4,711,4077,2009,1994
1,5,0,13560,1392,6,1,2,576,2784,2009,1968
1,6,0,10012,1181,4,2,3,588,2319,2008,1972
1,8,0,20896,2097,8,2,1,1134,4174,2006,2005
1,7,0,11194,1936,8,3,3,504,3342,2006,2000
1,7,0,18450,2380,6,3,3,596,3401,2007,1965
1,7,0,8125,1679,6,2,3,575,3087,2008,1994
1,6,0,14175,1437,5,2,3,576,2625,2006,1956
1,5,0,11600,1180,4,1,2,252,1880,2006,1922
1,7,0,8633,1476,6,3,3,540,2214,2009,2005
1,6,0,6629,1369,6,2,3,300,2041,2009,1925
1,6,0,11250,1208,6,2,3,546,2416,2006,1977
1,7,0,14442,1839,6,2,3,416,3316,2007,1957
1,5,0,9200,1136,6,1,3,384,2272,2008,1965
1,7,0,2289,1441,6,3,3,440,2296,2009,1978
2,8,0,9600,1774,4,2,4,779,2869,2006,1900
1,5,0,9022,792,5,1,2,240,1560,2009,1924
1,7,0,11844,2046,8,3,3,834,4092,2009,2008
1,5,0,9945,988,5,1,3,572,1976,2007,1961
1,5,0,8012,923,6,2,2,264,1846,2010,1980
1,6,0,4500,1520,5,1,3,281,2313,2009,1932
1,6,0,2887,1291,6,1,2,431,2582,2008,1996
1,7,0,11248,1668,9,2,3,702,3294,2007,2002
1,7,0,16770,1839,7,3,4,486,3034,2010,1998
1,6,0,5062,2090,7,2,3,577,3280,2007,1984
1,7,0,10207,1761,7,3,3,578,2635,2007,2007
1,4,0,5105,1102,7,3,2,480,1653,2007,2004
1,7,0,8089,1419,8,2,2,567,2838,2007,2007
1,6,0,7577,1362,6,2,2,460,2724,2007,2005
1,3,0,4426,848,6,1,1,420,1696,2008,2004
1,10,0,21535,4316,10,4,4,832,6760,2007,1994
1,9,0,26178,2519,7,3,4,628,3729,2006,1989
1,4,0,5400,1073,5,1,2,326,2146,2006,1921
1,5,0,6120,1539,5,2,3,576,2466,2009,1936
1,5,0,13811,1137,6,2,2,551,2249,2006,1987
1,4,0,6000,616,5,1,2,205,1232,2006,1921
1,6,0,6420,1148,5,1,2,308,2128,2006,1952
1,5,0,8450,894,5,1,3,336,1788,2010,1965
1,5,0,4282,1391,7,2,2,530,2782,2008,2004
1,7,0,14331,1800,8,2,3,765,3600,2006,2002
1,6,0,9600,1164,7,2,3,528,2328,2006,1969
1,10,0,12438,2576,8,3,4,666,3810,2006,2006
2,8,0,7630,1812,5,2,4,672,2172,2010,1900
1,7,0,8400,1484,7,2,3,606,2957,2010,2004
2,7,0,5600,1092,4,2,3,0,1092,2010,1930
1,5,0,115149,1824,7,2,2,739,3467,2007,1971
1,6,0,6240,1324,8,2,2,550,2648,2009,2006
1,8,0,9018,1456,7,3,3,400,2184,2007,2007
1,6,0,7162,904,5,1,3,408,1780,2008,1966
1,5,0,4130,729,3,1,2,0,999,2008,1935
1,7,0,8712,1178,4,1,2,384,2037,2010,1900
1,5,0,4671,1228,8,2,2,472,2456,2008,1988
1,6,0,9873,960,4,1,3,576,1920,2006,1970
1,6,0,13517,1479,6,3,3,475,2204,2010,1976
1,7,0,10140,1350,6,2,3,478,2414,2009,1974
1,8,0,10800,2554,7,2,3,704,3272,2007,1890
1,5,0,10000,1178,5,2,3,439,2354,2008,1973
1,9,0,10542,2418,7,3,3,983,3729,2008,1993
1,5,0,9920,971,5,2,3,300,1942,2006,1969
1,5,0,6563,1742,8,2,2,564,3484,2006,1985
1,3,0,4426,848,6,1,1,420,1696,2010,2004
1,5,0,8120,864,4,1,3,463,1728,2009,1970
1,7,0,8172,1470,4,2,4,548,2411,2008,1954
1,8,0,13286,1698,9,2,3,768,3396,2009,2007
1,5,0,6960,864,4,1,3,660,1728,2009,1970
1,5,0,21695,1680,6,2,3,540,2560,2009,1988
1,6,0,7314,1232,7,2,2,632,2464,2009,2007
2,9,0,11475,1776,5,2,4,888,3360,2009,1958
1,5,0,6240,1208,4,1,2,539,1628,2009,1925
1,5,0,5389,1616,8,2,2,608,3211,2010,1995
1,6,0,9590,1146,7,2,3,438,2014,2007,2003
1,8,0,11404,2031,7,3,3,541,3184,2008,1998
1,6,0,10000,1144,5,1,3,264,2008,2009,1961
1,6,0,8978,948,5,1,3,300,1896,2007,1968
1,6,0,10800,1768,7,2,2,320,2648,2006,1914
2,6,0,8544,1040,3,2,2,400,1040,2006,1950
1,8,0,10463,1801,8,3,3,800,2694,2006,2005
1,5,0,10800,1200,5,3,3,0,2400,2009,1987
1,7,0,9313,1728,7,3,3,572,2592,2009,2004
1,7,0,9600,1432,5,2,2,360,1696,2007,1910
1,5,0,6768,912,6,1,3,288,1824,2008,1961
1,6,0,8450,1349,7,2,3,539,2698,2007,2000
1,6,0,12886,1464,5,2,3,480,1984,2009,1963
1,5,0,5395,1337,8,2,2,462,2674,2008,1993
1,11,0,8963,2715,8,4,4,831,3857,2008,1976
1,8,0,8795,2256,7,3,4,554,3208,2009,2000
1,8,0,11700,2640,7,2,4,864,3880,2009,1880
1,7,0,10593,1720,7,2,3,527,3440,2010,1996
1,9,0,8405,1529,4,2,4,240,1529,2009,1945
1,7,0,8800,1140,4,1,3,0,1716,2010,1910
1,6,0,7750,1320,7,3,3,400,1980,2007,2003
1,6,0,9236,1494,6,2,3,576,2973,2006,1997
1,8,0,10240,2098,8,3,3,878,3128,2006,2005
1,5,0,7930,1026,6,1,3,440,2052,2009,1969
1,6,0,3230,1471,6,3,3,440,2200,2009,1999
1,7,0,10769,1768,8,3,3,578,2634,2009,2007
1,6,0,11616,1386,6,3,3,440,2058,2010,1978
1,6,0,2280,1501,7,3,3,440,2245,2008,1999
1,9,0,12257,2531,8,3,4,752,3849,2007,1995
1,5,0,9100,864,6,1,2,300,1728,2009,1959
1,5,0,6911,1301,5,1,2,440,2446,2009,1924
1,7,0,8640,1547,7,3,3,614,2303,2010,2009
1,8,0,9430,2365,8,3,3,856,3617,2009,1999
1,6,0,9549,1494,8,2,2,481,2988,2006,1995
1,6,0,14587,1506,9,2,2,592,3004,2008,2008
1,7,0,10421,1714,7,3,3,496,2694,2010,1988
1,7,0,12508,1750,6,2,4,423,2733,2008,1940
1,8,0,9100,1836,7,2,3,484,3696,2006,2004
1,12,0,53504,3279,8,4,4,841,4929,2010,2003
1,5,0,7252,858,5,1,2,576,1716,2009,1982
1,6,0,8877,1220,4,1,2,396,2056,2006,1951
1,6,0,7819,1117,6,1,3,672,2146,2010,1976
1,5,0,10150,912,5,1,2,275,1824,2007,1958
1,9,0,14226,1973,8,2,3,895,3908,2007,2006
1,5,0,4500,1204,6,2,2,412,2408,2009,1998
1,7,0,11210,1614,7,2,3,865,3228,2006,2005
1,5,0,13350,894,5,1,3,440,1758,2006,1974
2,10,0,8400,2020,5,2,4,630,2020,2007,1977
1,4,0,10530,1004,6,1,2,504,1979,2006,1977
1,6,0,7875,1253,7,2,3,402,2490,2007,1995
1,7,0,7153,1603,6,3,3,484,2364,2006,1992
1,6,0,16285,1430,7,2,3,605,2843,2009,2001
1,4,0,9101,1110,5,1,1,602,2207,2009,1978
1,9,0,6300,1484,6,2,3,0,2226,2008,1914
1,7,0,9790,1342,6,2,3,457,2714,2009,1967
1,7,0,10800,1652,5,2,4,416,2338,2010,1915
1,8,0,10142,2084,7,3,4,618,3040,2010,2004
1,4,0,6000,901,4,1,2,281,1802,2008,1954
1,9,0,12205,2087,6,3,5,444,2919,2007,1966
1,5,0,3182,1145,7,2,2,397,2290,2009,2005
1,5,0,11333,1062,6,1,3,539,2091,2007,1976
1,8,0,9920,2013,7,3,3,455,3130,2007,1996
1,7,0,9158,1496,8,2,3,474,2992,2007,2007
1,7,0,10832,1895,7,3,3,409,2607,2008,1994
1,7,0,8400,1564,6,3,3,476,2214,2010,1980
1,7,0,8197,1285,6,2,3,528,1945,2007,1977
1,4,0,7677,773,5,1,2,240,1546,2008,1953
1,11,0,13518,3140,9,4,4,820,5066,2009,2008
1,7,0,7200,1768,5,2,3,240,2499,2007,1937
1,8,0,12798,1688,6,3,4,603,2304,2008,1997
1,5,0,4800,1196,4,1,2,440,2392,2007,1916
1,7,0,8199,1456,7,3,3,410,2184,2008,2005
1,12,0,13891,2822,9,4,4,1020,4556,2009,2008
1,5,0,9000,1128,5,1,2,286,2064,2006,1954
1,6,0,12274,1428,7,2,3,554,2845,2008,2008
1,6,0,9750,980,5,2,3,384,1960,2006,1967
1,6,0,21384,1576,5,2,3,528,2900,2009,1923
1,6,0,13400,1086,5,1,3,484,2110,2006,1966
3,11,0,8100,2138,5,2,2,360,2987,2009,1898
1,5,648,10140,1309,6,2,3,484,2349,2006,1974
1,4,0,4438,848,6,1,1,420,1696,2008,2004
1,4,0,8712,1044,5,1,2,504,1584,2010,1952
1,7,0,9750,1442,6,2,4,301,2884,2007,1958
1,7,0,8248,1250,5,2,3,280,1936,2006,1918
1,6,0,12137,1661,7,2,3,598,3310,2010,1998
1,4,0,11425,1008,5,1,2,275,2016,2006,1954
1,7,0,13265,1689,8,2,3,857,3257,2008,2002
1,6,0,8816,1052,6,1,3,440,2062,2010,1971
1,6,0,6371,1358,7,2,2,484,2716,2010,2009
1,6,0,7226,1640,7,3,3,595,2438,2008,2003
1,4,0,6000,936,4,1,2,576,1872,2009,1953
1,7,0,12394,1733,7,3,3,433,2580,2007,2003
1,7,0,9900,1489,6,2,3,240,2267,2009,1940
1,7,0,11216,1489,8,2,3,776,2978,2006,2006
1,7,0,14803,2084,10,2,2,1220,4162,2008,2007
1,5,0,6130,784,5,1,2,0,1568,2008,1924
1,6,0,8529,1434,7,2,3,527,2888,2009,2001
1,7,0,28698,2126,5,3,3,538,3139,2009,1967
1,4,0,2544,1223,7,3,2,480,1743,2006,2005
1,6,0,11900,1392,6,2,3,458,2784,2008,1957
1,4,0,3180,1200,7,3,2,480,1720,2006,2005
1,7,0,9548,1829,7,3,3,613,2770,2010,2003
1,6,0,10004,1516,6,2,3,472,3032,2009,1964
1,6,0,7875,1144,5,1,3,456,2288,2008,1961
1,4,0,9600,1067,4,2,2,436,2134,2010,1950
1,5,0,8100,1559,5,1,2,812,3118,2007,1948
1,5,0,1680,987,6,2,2,264,1470,2008,1973
1,6,0,9525,1099,5,2,3,352,2198,2008,1995
1,6,0,11767,1200,5,1,3,240,1968,2008,1946
1,7,0,12155,1482,6,2,4,400,2154,2008,1925
1,8,0,10440,1539,5,2,3,686,2189,2008,1904
1,6,0,9020,1165,6,2,3,490,2292,2008,1966
2,10,0,8000,1800,5,2,6,0,3600,2007,1961
1,7,0,12665,1416,5,2,4,720,2292,2008,1915
1,6,0,16647,1701,5,2,3,611,3091,2007,1975
1,7,0,9317,1775,7,3,3,425,2515,2009,1993
1,5,0,15523,864,5,1,3,338,1728,2009,1972
1,10,0,45600,2358,6,3,5,360,3265,2008,1908
1,7,0,9600,1855,6,3,3,512,2383,2007,1976
1,3,0,4435,848,6,1,1,420,1696,2007,2003
1,7,0,3196,1456,8,2,2,400,2729,2006,2003
1,7,0,7128,1646,7,2,4,240,2564,2007,1941
1,7,0,12095,1445,6,2,3,645,2572,2009,1964
1,6,0,17920,1779,5,2,3,454,3542,2006,1955
1,6,0,6897,1040,5,2,3,260,2080,2010,1962
1,5,0,10970,1026,6,1,3,576,1966,2008,1978
1,6,0,8125,1481,6,3,3,343,2183,2009,1994
1,6,0,10400,1370,7,2,3,479,2460,2009,1976
1,9,0,11029,2654,6,3,4,619,3708,2006,1968
1,7,0,7642,1426,7,2,3,216,2338,2007,1918
1,6,0,11625,1039,5,2,3,504,2078,2010,1965
1,6,0,9672,1097,6,2,3,480,2137,2010,1984
1,6,0,7931,1148,5,1,3,672,2296,2009,1959
1,6,0,8640,1372,7,2,3,529,2744,2008,2007
1,5,0,8750,1002,5,1,3,902,2004,2009,1970
1,6,0,10656,1646,8,2,3,870,3284,2007,2006
1,5,0,6970,1120,4,2,3,544,2160,2007,1961
1,7,0,14762,2320,5,2,2,672,2267,2006,1948
1,8,0,9938,1949,7,3,3,574,2999,2010,1993
1,5,0,6600,894,5,1,2,308,1788,2009,1962
1,7,0,8750,1682,6,3,3,523,2486,2010,1998
1,5,0,8892,910,5,1,3,414,1015,2008,1953
1,6,0,12144,1268,5,1,3,288,1868,2009,1949
1,5,0,5720,1131,5,2,3,200,1807,2009,1941
1,11,0,9000,2610,8,3,4,550,3794,2007,2007
1,5,0,25286,1040,4,1,3,648,2104,2007,1963
1,10,0,8834,2224,9,3,4,738,3686,2009,2004
1,6,0,11782,1155,5,1,3,576,2264,2010,1961
1,6,0,7000,864,5,1,3,336,1728,2009,1978
1,5,0,7024,1090,5,2,2,450,2180,2007,2005
1,7,0,13758,1717,7,3,3,400,2873,2007,1990
1,7,0,9636,1593,6,3,3,389,2401,2009,1992
1,10,0,6204,2230,4,1,5,440,2544,2006,1912
1,5,0,7150,892,5,1,3,288,1784,2009,1967
1,5,0,5119,1709,9,2,2,506,3407,2008,1999
2,8,0,8393,1712,5,2,4,588,3338,2006,1959
1,8,0,16466,1393,5,2,3,300,2209,2008,1955
1,8,0,15865,2217,8,2,4,621,4434,2007,1970
1,6,0,12160,1505,6,1,2,505,3010,2009,1953
1,6,0,8064,924,5,1,3,576,1596,2007,1949
1,7,0,11184,1683,6,3,3,440,2601,2009,1978
1,6,0,8414,1068,6,1,3,264,2127,2006,1963
1,6,0,13284,1383,5,1,3,354,2766,2008,1954
2,8,0,7018,1535,5,2,4,400,1535,2009,1979
1,8,0,7056,1796,6,2,4,483,2576,2008,1963
1,6,0,8765,951,4,1,2,327,1902,2006,1936
2,12,0,7018,2240,5,2,6,528,2240,2009,1979
1,11,0,12919,2364,9,3,2,820,4694,2010,2009
1,6,0,6993,1236,5,1,3,288,2148,2006,1961
1,4,0,7340,858,4,1,2,684,1716,2007,1971
1,5,0,8712,1306,5,1,2,756,2298,2009,1957
1,8,0,7875,1509,7,3,3,393,2292,2006,2003
1,7,0,14859,1670,7,2,3,690,3340,2006,2006
1,6,0,6173,902,5,1,3,288,1778,2007,1967
1,6,0,9920,1063,5,1,3,280,2119,2010,1954
1,8,0,13501,1636,8,2,3,865,3259,2007,2006
1,6,0,11500,2057,7,2,3,180,3074,2006,1936
1,5,0,8885,902,5,1,2,484,1766,2006,1983
1,8,0,12589,1484,6,3,3,390,2226,2009,2005
2,12,0,11600,2274,5,2,5,480,3379,2010,1960
1,5,0,9286,1268,5,2,3,252,2536,2009,1977
1,6,0,6120,1015,5,1,3,450,1783,2006,1925
2,8,0,6270,2002,5,2,4,871,3003,2007,1949
1,4,0,3000,1224,6,3,2,528,1836,2009,2009
1,6,0,2001,1092,4,2,3,286,1638,2007,1970
1,4,0,9000,480,2,0,1,308,960,2006,1949
1,6,0,17140,1229,4,1,3,284,2363,2009,1956
1,8,0,13125,2127,7,3,4,833,3231,2007,1991
1,6,0,11029,1414,6,1,3,601,2598,2008,1958
1,7,0,8462,1721,6,3,3,471,2649,2007,1994
2,9,0,8777,2200,5,4,4,0,3472,2008,1900
1,6,0,10237,1316,6,2,3,397,2632,2006,2005
1,5,0,8012,1617,6,2,2,533,3221,2008,1993
1,7,0,10240,1686,6,2,3,612,3372,2006,1980
1,6,0,15611,1126,5,2,3,540,2252,2008,1977
1,10,0,11999,2374,8,3,4,656,3555,2007,2003
1,9,0,9900,1978,7,3,4,486,2810,2008,1968
1,7,0,11838,1788,8,2,3,522,3541,2009,2001
1,8,0,13006,2236,7,3,4,642,3200,2006,1997
1,7,0,8925,1466,8,2,3,610,2932,2009,2007
1,5,0,9100,925,5,1,2,429,1850,2009,1965
1,8,0,11670,1905,9,2,3,788,3810,2007,2006
1,6,0,8487,1500,7,2,3,570,3000,2009,2004
1,9,0,27650,2069,7,2,4,505,2654,2008,1960
1,5,0,5825,747,4,1,1,528,1347,2006,1926
1,5,0,10083,1200,7,2,2,555,2376,2009,2003
1,8,0,9675,1971,7,3,3,689,3084,2009,2005
1,7,0,8760,1962,7,3,3,868,3353,2006,2006
1,10,0,24090,2403,7,2,4,349,3435,2010,1940
2,8,0,12640,1728,6,2,4,574,3456,2006,1976
1,8,0,8755,2060,7,3,3,390,3052,2009,1999
2,8,0,7711,1440,4,2,4,0,2880,2007,1977
2,8,0,25000,1632,5,2,4,576,3264,2007,1967
1,7,0,14375,1344,6,1,3,525,2163,2009,1958
1,7,0,8820,1869,5,1,2,456,2837,2009,1890
1,6,0,8163,1144,5,1,3,796,2288,2006,1959
1,9,0,14536,1629,8,2,3,808,3245,2007,2002
1,7,0,14006,1776,7,3,3,474,2712,2006,2002
1,5,0,9360,1381,6,2,3,676,2542,2010,1972
1,5,0,7200,864,5,1,3,720,1728,2007,1950
1,6,0,7800,965,5,1,3,300,1793,2006,1965
1,5,0,7200,768,5,1,2,396,1536,2009,1972
1,7,0,11075,1968,5,3,4,530,2752,2008,1969
0,4,0,9400,980,6,2,4,0,1925,2006,1975
2,8,0,7136,1958,6,2,4,492,2937,2007,1946
1,5,0,1300,1229,6,2,2,462,1790,2009,1980
1,6,0,7420,1057,5,1,3,576,2114,2007,1962
1,6,0,8450,1337,7,2,3,531,2674,2007,2003
1,6,0,2572,1416,7,3,3,484,2112,2010,1999
1,4,0,7207,858,5,1,2,0,1716,2010,1958
1,11,0,12227,2872,6,3,4,619,4202,2008,1977
1,7,0,2308,1548,6,3,3,440,2352,2007,1976
1,7,0,11923,1800,9,2,2,702,3600,2009,2007
1,8,0,11316,1894,7,3,4,510,2711,2010,2002
1,8,0,10237,1484,6,3,3,393,2267,2007,2005
1,7,0,9600,1308,5,2,2,256,2036,2009,1940
1,6,0,7390,1098,5,1,3,260,2196,2008,1955
1,6,0,5925,968,3,1,2,0,1568,2009,1910
1,6,0,10382,1095,6,1,2,264,1683,2006,1958
1,6,0,10800,1192,4,2,4,0,1912,2006,1949
1,6,0,2268,1626,7,2,2,474,2390,2009,2003
1,5,0,7892,918,6,2,2,264,1836,2010,1979
1,6,0,11639,1428,7,2,3,480,2856,2008,2007
1,8,0,11414,2019,7,1,3,532,2747,2009,1910
1,6,0,2651,1382,7,3,3,490,2055,2006,2000
1,4,0,5900,869,4,1,2,0,1309,2006,1923
1,4,0,4274,1241,7,2,1,569,2482,2007,2006
1,5,0,9450,894,4,1,3,400,1788,2007,1954
1,5,0,8816,1121,5,1,3,480,2242,2009,1963
1,6,0,12122,999,7,1,3,588,1943,2008,1961
1,8,0,12203,2612,8,3,4,676,3837,2009,1998
1,6,0,3182,1266,7,2,2,388,2532,2008,2007
1,9,0,11250,2290,8,3,4,779,3418,2008,2002
2,8,0,10125,1734,5,2,4,539,1734,2009,1977
1,5,0,10880,1164,5,1,3,240,2328,2008,1950
1,5,0,5310,1635,6,1,2,255,2120,2006,1910
1,8,0,10159,1940,9,3,3,606,3870,2010,2009
1,8,0,12046,2030,6,3,4,551,2878,2007,1976
1,6,0,8125,1576,7,3,3,614,2346,2006,2006
1,7,0,9452,2392,8,3,3,870,3788,2006,1997
1,8,0,17671,1742,8,2,4,424,2658,2009,1882
1,7,0,9760,1851,6,3,3,440,2673,2007,1964
1,6,0,8846,1500,6,3,3,564,2250,2006,2005
1,7,0,12456,1718,10,2,3,786,3418,2009,2006
1,5,0,4712,1230,4,2,3,305,1977,2006,1946
1,6,0,10659,1050,5,1,3,368,2100,2006,1961
1,6,0,11717,1442,6,2,2,615,2884,2009,1970
1,6,0,9786,1077,3,1,3,210,2084,2006,1922
1,6,0,6762,1208,7,2,2,632,2395,2010,2006
1,4,0,10206,944,3,1,2,528,944,2009,1952
1,4,0,5400,691,5,1,2,216,1382,2007,1920
1,7,0,11957,1574,8,2,3,824,3148,2008,2006
2,8,0,11500,1680,5,2,4,528,3360,2007,1976
1,7,0,3182,1504,7,2,1,457,2850,2009,2005
1,6,0,8385,985,5,2,3,328,1970,2008,1977
1,7,0,12155,1657,6,2,3,484,3314,2007,1970
1,6,0,2217,1092,4,2,3,286,1638,2009,1970
1,7,0,12118,1710,7,2,3,550,3420,2009,2004
1,7,0,6000,1522,5,2,4,0,2016,2006,1926
1,7,0,21286,1271,5,2,4,312,1991,2008,1948
2,8,0,9825,1664,5,2,4,0,1664,2010,1965
1,7,0,10592,1502,6,2,3,180,2104,2007,1923
1,4,0,7200,1022,5,1,2,280,2044,2009,1910
1,5,0,11664,1082,6,1,2,240,2164,2007,1948
1,6,0,8400,1665,8,3,3,528,2475,2009,2001
1,6,0,11883,1504,7,2,3,478,3008,2009,1996
1,4,0,5814,1360,8,1,1,565,2580,2009,1984
1,7,0,10784,1472,7,3,3,402,1856,2007,1991
1,6,0,3013,1506,7,2,2,440,2868,2006,2005
1,5,0,7024,1132,4,2,2,451,2264,2008,2005
1,6,0,7406,1220,7,2,2,632,2419,2006,2006
1,6,0,9439,1248,5,1,2,160,2160,2007,1930
1,7,0,3182,1504,7,2,2,437,2850,2008,2005
1,10,0,15498,2898,8,2,2,665,4463,2008,1976
1,5,0,7700,882,5,1,3,461,1764,2007,1972
1,6,0,9300,1264,5,1,3,461,2532,2010,1960
1,7,0,9520,1646,8,2,3,800,3284,2008,2007
1,6,0,9492,1376,5,1,3,240,2144,2007,1941
1,7,0,1680,1218,6,2,3,264,1890,2006,1972
2,10,0,7082,1928,5,2,5,0,2614,2006,1916
1,12,0,15863,3082,7,3,5,672,3509,2009,1920
1,10,0,14541,2520,8,3,5,796,3858,2006,1993
1,6,0,8125,1654,7,2,3,900,3308,2006,2002
1,5,0,6305,954,5,1,2,240,1874,2007,1938
1,5,0,11500,845,4,1,3,290,845,2009,1957
1,6,0,12898,1620,9,2,2,912,3240,2009,2007
1,7,0,9240,2263,8,3,3,905,3318,2008,2001
1,6,0,1533,1344,4,2,3,0,1890,2009,1970
1,3,0,1477,630,4,1,1,286,1260,2009,1970
1,8,0,13125,1803,5,2,3,484,2937,2006,1957
1,7,0,9130,1632,6,2,4,484,2432,2008,1966
1,5,0,5381,1306,6,2,1,624,2612,2009,2005
1,10,0,11839,2329,7,3,4,514,3804,2008,1990
1,9,0,9600,2524,8,3,4,542,5048,2009,1981
1,8,0,13680,1733,3,2,4,452,1733,2009,1955
1,11,0,16056,2868,9,4,4,716,4860,2006,2005
1,5,0,9245,990,5,1,3,672,1980,2008,1994
1,9,0,21750,1771,5,1,3,336,1771,2009,1960
1,6,0,11100,930,4,1,2,308,930,2010,1946
1,6,0,8993,1302,7,2,3,436,2604,2007,2007
1,6,0,11175,1316,7,2,3,440,2632,2007,2007
1,9,0,9500,1977,6,2,4,540,2793,2007,1964
1,7,0,8562,1526,5,1,4,364,2742,2010,1957
1,7,0,11367,1989,8,3,3,586,3054,2006,2002
1,7,0,11361,1523,6,2,3,478,2716,2008,1976
1,6,0,7052,1364,7,2,2,484,2728,2006,2005
1,7,0,29959,1850,7,3,3,467,2823,2009,1994
1,10,0,11308,2184,9,3,3,836,3288,2009,2008
1,7,0,11275,1991,6,2,3,432,2845,2007,1932
1,6,0,4920,1338,8,2,2,582,2676,2010,2001
1,6,0,18000,894,3,1,2,1248,1788,2008,1935
2,10,0,13600,2337,5,2,5,560,2999,2007,1900
1,5,0,6000,1103,6,1,2,440,2206,2006,1925
1,6,0,11000,1154,5,2,3,480,2308,2009,1966
1,7,0,14000,2260,7,3,3,533,3566,2010,1996
1,7,0,7837,1571,6,3,3,380,2370,2009,1993
1,7,0,9760,1611,6,2,4,442,2391,2008,1964
1,10,0,3964,2521,6,3,5,576,3463,2006,1973
1,4,0,9600,893,5,1,2,576,1738,2007,1949
1,6,0,10152,1048,5,1,3,286,2096,2007,1956
1,8,0,11700,1556,6,2,4,441,2283,2009,1968
1,7,0,7585,1456,5,1,4,280,2266,2006,1948
1,6,0,7950,1426,6,2,3,440,2116,2009,1977
1,5,0,8556,1240,7,2,2,826,2480,2007,2006
1,6,0,13125,1740,7,2,3,240,2540,2007,1940
1,7,0,10800,1466,5,2,3,566,2262,2006,1936
1,6,0,15870,1096,5,1,3,299,2192,2006,1969
1,3,0,4435,848,6,1,1,420,1696,2006,2004
1,5,0,8775,990,5,1,3,299,1980,2007,1994
1,5,0,11040,1258,6,2,3,528,2516,2008,1971
1,5,0,7500,1040,5,2,3,308,2080,2010,1963
1,6,0,8749,1459,7,2,3,527,2918,2007,2002
1,6,0,8800,1251,6,1,3,461,2502,2006,1964
1,6,0,13031,1498,6,3,3,409,2189,2006,1995
1,5,0,9069,996,6,1,2,564,1932,2010,1992
1,6,0,1974,1092,4,2,3,286,1638,2010,1973
1,9,0,10574,1953,8,3,3,1043,3035,2009,2005
1,7,0,2522,1709,7,2,3,380,2679,2006,2004
1,4,0,3316,1247,8,2,1,550,2494,2006,2005
2,6,0,8544,1040,3,2,2,400,1040,2009,1950
1,4,0,2160,1252,7,3,2,462,1852,2008,1999
1,7,0,8400,1694,6,2,4,576,2875,2008,1925
1,6,0,9230,1200,5,2,1,884,2064,2006,1965
1,4,0,5868,936,5,1,2,308,1872,2010,1956
1,6,0,9317,1314,6,2,3,440,2628,2007,2006
1,7,0,6882,1355,6,2,3,0,2039,2007,1914
1,5,0,3696,1088,8,2,2,461,2162,2007,1986
1,6,0,6000,1324,4,1,3,240,1996,2009,1936
1,7,0,11880,1601,7,2,3,478,2872,2009,1978
1,3,0,8400,438,2,1,1,246,728,2009,1920
1,5,0,9758,950,5,1,3,280,1900,2007,1971
1,6,0,7000,1134,5,1,2,254,2144,2007,1960
1,6,0,8910,1194,6,1,3,539,1849,2006,1959
1,6,0,2016,1302,5,3,3,440,1932,2007,1970
1,9,0,12256,2622,8,3,3,712,4085,2010,1994
1,6,0,10357,1442,7,2,3,719,2352,2007,1990
1,9,0,23257,2021,7,3,3,422,2889,2006,2006
1,7,0,8063,1690,6,3,3,463,2614,2007,2000
1,7,0,11362,1836,8,2,3,862,3672,2009,2004
1,8,0,8000,1658,6,3,3,431,2431,2008,1995
1,8,0,10480,1964,7,3,4,483,2767,2008,1976
1,5,0,7100,816,5,1,2,308,1632,2006,1957
1,6,0,8923,1008,5,1,2,240,2016,2007,1953
1,4,0,5400,833,5,1,2,326,1666,2006,1954
1,7,0,12085,1734,8,2,3,928,3468,2007,2007
1,7,0,7750,1419,8,3,3,527,1827,2009,2002
1,5,0,9764,894,5,1,3,450,1788,2008,1967
1,6,0,13825,1601,5,1,3,300,2134,2008,1958
1,6,0,7560,1040,5,1,3,286,2080,2006,1959
1,6,0,8263,1012,6,1,2,308,2024,2007,1920
1,7,0,10084,1552,7,2,3,782,3104,2006,2005
1,5,0,8926,960,4,1,3,288,1632,2009,1956
1,4,0,9405,698,5,1,2,0,1396,2009,1947
1,7,0,9125,1482,7,3,3,392,1866,2007,1992
1,5,0,10434,1005,4,1,2,672,2010,2009,1955
1,7,0,3684,1555,7,2,2,660,2928,2009,2007
1,7,0,14572,1530,7,2,3,630,3060,2007,2004
1,8,0,11796,1959,7,3,4,434,2806,2007,2004
1,4,0,7200,936,5,1,2,672,1872,2007,1980
1,7,0,7804,1981,4,2,4,576,3103,2009,1928
1,5,0,10712,974,5,1,3,0,1948,2007,1991
1,8,0,9900,2210,6,2,5,205,3218,2007,1880
1,8,0,9828,2020,8,3,3,466,3148,2009,1995
1,7,0,8773,1600,6,3,3,460,2516,2007,1997
1,5,0,6180,986,6,1,2,180,1946,2007,1926
1,6,0,9600,1252,6,1,3,288,2284,2008,1950
1,6,0,6342,1020,5,1,2,0,1800,2010,1875
1,5,0,9819,1567,6,2,2,714,3134,2009,1977
1,6,0,8731,1167,5,1,3,495,2082,2007,1920
1,4,0,7350,952,5,1,2,840,1904,2008,1951
1,9,0,10304,1868,5,3,4,484,2648,2009,1976
1,11,0,9965,2828,8,3,4,1052,4294,2007,2006
1,5,0,9000,1006,5,1,3,0,2012,2008,1959
1,5,0,12180,924,4,1,2,280,1596,2010,1941
1,8,0,6240,1576,5,1,3,225,2618,2006,1928
1,5,0,11200,1298,6,2,3,403,2596,2006,1985
1,7,0,12000,1564,7,2,3,234,2268,2009,1941
1,5,0,5700,1111,7,1,2,288,1683,2008,1926
1,7,0,9000,1482,7,1,3,324,2132,2009,1920
1,4,0,8280,932,6,1,2,306,1864,2007,1950
1,6,0,17755,1466,5,2,3,528,2932,2006,1959
1,6,0,14115,1811,6,1,2,470,2884,2006,1956
1,5,0,5890,816,6,1,2,432,1632,2008,1930
1,8,0,13700,1820,7,3,4,492,2684,2008,1965
1,6,0,10768,1437,5,2,3,528,2874,2007,1976
1,6,0,9350,1265,5,2,3,502,2484,2008,1965
1,6,0,5001,1314,7,2,2,626,2628,2009,2007
1,7,0,11932,1580,8,2,3,830,3160,2008,2007
1,8,0,9120,1876,6,3,4,540,2777,2008,1974
1,7,0,2280,1456,6,3,3,440,2311,2010,1978
1,7,0,14778,1640,6,1,3,924,2936,2008,1954
1,5,0,8724,894,5,1,3,450,1788,2007,1968
2,6,0,12900,1258,4,2,0,400,2456,2008,1969
1,5,0,16157,1432,5,2,2,588,2792,2007,1978
1,7,0,9541,1502,7,2,3,644,3004,2009,2009
1,7,0,10475,1694,8,2,3,776,3388,2010,2008
1,7,0,10852,1671,6,3,3,472,2630,2006,2000
1,7,0,13728,2108,6,2,4,540,3235,2008,1935
1,10,0,35760,3627,10,4,4,807,5557,2006,1995
1,6,576,9880,1118,6,1,3,358,2214,2008,1977
1,6,0,9120,1261,6,1,3,433,2522,2008,1958
1,5,0,4017,1250,7,3,2,625,1875,2008,2006
1,12,0,18030,3086,5,3,3,0,4205,2007,1946
1,9,0,16560,2345,6,3,4,360,3297,2006,1932
1,9,0,10678,2872,8,3,4,541,4555,2007,1992
1,5,0,6951,923,5,1,3,264,1799,2008,1984
1,5,0,3950,1224,6,1,3,210,2042,2009,1926
1,7,0,7681,1343,5,2,3,186,2074,2009,1921
1,5,0,8335,1124,5,1,3,0,1124,2006,1954
1,8,0,11170,2514,7,3,4,693,3730,2006,1990
1,5,0,5587,1652,8,2,2,482,3252,2008,2008
1,10,555,15623,4476,10,4,4,813,6872,2007,1996
1,5,0,10800,1130,5,1,2,720,2250,2006,1920
1,5,0,35133,1572,5,2,3,995,3144,2007,1963
1,7,0,9738,1221,5,1,4,392,2005,2006,1924
2,7,0,10615,1699,3,2,3,420,2677,2009,1900
1,5,0,12461,1624,8,2,2,757,3248,2006,1994
1,7,0,8935,1660,7,3,3,493,2491,2009,2002
1,7,0,7500,1804,7,3,3,442,2798,2010,1999
1,7,0,32463,1622,4,1,3,1356,2871,2007,1961
1,5,0,2645,1441,8,3,2,492,2217,2007,1999
1,6,0,9600,1472,5,1,3,250,2174,2007,1925
1,5,0,4500,1224,6,2,2,402,2448,2009,1999
1,7,0,9364,1352,6,2,4,299,2015,2010,1969
1,8,0,8029,1456,6,3,3,400,2184,2008,2005
1,9,0,14054,1863,7,3,4,660,2742,2006,2006
1,7,0,8850,1690,7,1,3,225,2505,2006,1916
1,6,0,9100,1212,7,2,3,573,2424,2009,2001
1,6,0,11235,1382,4,2,3,459,2433,2006,1963
1,5,0,9353,864,4,1,3,280,1728,2006,1970
1,6,0,10400,1779,7,3,3,546,2645,2009,1998
1,5,0,6000,1348,5,1,3,216,2232,2009,1925
1,6,0,9750,1630,7,2,3,451,3260,2009,2000
1,6,0,10140,1074,5,2,3,495,2130,2006,1975
1,7,0,14684,2196,7,2,3,701,4354,2009,1990
1,5,0,8900,1056,4,1,2,384,2112,2006,1966
1,7,0,9135,1700,6,2,3,544,3382,2006,2003
1,6,0,7763,1283,5,1,3,506,2214,2008,1962
1,8,0,10182,1660,8,2,3,500,3320,2006,2006
1,8,0,11218,1845,6,3,3,462,2900,2010,1992
1,8,0,12134,1752,8,2,4,492,2311,2010,1988
1,4,0,9340,672,4,1,2,234,1344,2009,1941
1,3,0,10246,960,4,0,0,364,1608,2006,1965
1,6,0,10205,999,5,1,3,300,1924,2006,1962
1,5,0,7094,894,5,1,3,384,1788,2007,1966
2,8,0,8930,1902,6,2,4,539,1902,2010,1978
1,6,0,8640,1314,8,2,3,552,2614,2009,2009
1,3,0,6240,912,4,1,2,0,912,2006,1947
1,7,0,1680,1218,6,2,3,0,1890,2006,1971
1,5,0,7800,912,5,1,2,288,1824,2006,1964
1,5,0,8250,1211,5,1,3,322,2163,2008,1968
1,7,0,10496,1846,6,2,3,315,2886,2007,1949
1,7,0,10680,2136,5,2,4,528,4272,2006,1951
1,8,0,15384,1490,7,3,3,388,2278,2008,2004
1,6,0,10482,1138,6,1,3,264,1726,2007,1958
1,9,0,14598,1933,6,3,4,668,2827,2008,2007
1,5,0,8872,912,5,1,2,576,1824,2008,1965
1,7,0,8769,1702,9,2,1,1052,3404,2008,2008
1,7,0,7910,1507,5,2,4,404,2582,2008,1960
2,12,0,18890,2620,5,4,4,600,3981,2007,1977
1,6,0,7728,1190,5,1,3,540,2296,2006,1962
2,6,0,9842,1224,4,2,2,462,1224,2007,1962
1,6,0,12160,1188,5,1,3,531,2376,2010,1959
1,7,0,8525,1964,5,2,4,0,2904,2008,1911
1,9,0,13132,1784,5,2,4,180,2531,2006,1914
1,6,0,2628,1626,7,3,2,474,2390,2010,2003
1,8,0,12393,1948,7,3,4,434,2795,2006,2004
1,6,0,13072,1141,6,2,3,484,2282,2006,2005
1,6,0,9037,1484,8,2,2,472,2960,2007,2006
1,8,0,8158,1768,7,3,3,543,2652,2008,2003
1,7,0,9849,1689,7,2,3,954,3378,2007,2007
1,6,0,10625,1173,7,2,3,528,2226,2010,1974
1,7,0,13891,2076,10,3,2,850,4152,2006,2006
1,7,0,11435,1517,8,1,3,400,2309,2006,1929
1,7,0,12090,1868,6,4,3,477,2453,2007,1984
1,6,0,8125,1553,7,3,3,615,2309,2006,2005
1,6,0,12328,1034,6,1,3,888,2046,2010,1976
1,8,0,9600,2058,6,2,3,396,2793,2008,1917
1,6,0,7200,988,5,1,3,276,1864,2007,1950
1,8,0,11160,2110,7,3,3,522,4220,2010,1968
1,6,0,3136,1405,7,2,2,478,2810,2006,2003
1,5,0,9858,874,5,1,3,288,1738,2009,1968
1,9,0,17542,2167,7,3,3,518,3359,2007,1974
1,7,0,6931,1656,7,3,3,397,2402,2008,2003
1,6,0,6240,1367,6,1,3,560,2251,2007,1931
1,7,0,14303,1987,8,2,2,691,3973,2008,1994
1,4,0,4060,864,5,1,2,0,1728,2009,1922
1,5,0,9587,1166,7,2,2,400,2022,2008,2005
1,6,0,9750,1054,6,2,3,460,2108,2008,1969
1,7,0,24682,1675,6,3,3,502,2516,2009,1999
1,5,0,9600,1050,5,1,2,338,2100,2009,1956
1,8,0,11250,1788,4,1,5,304,2892,2009,1957
1,8,0,13515,1824,6,1,3,520,2588,2007,1919
1,5,0,4060,1337,6,2,2,511,2742,2008,1998
1,6,0,3735,1452,7,3,3,506,2143,2006,1999
2,9,0,10120,1889,7,2,4,308,2814,2007,1910
1,10,0,13214,2018,9,2,3,746,4020,2010,2008
1,11,0,14100,3447,8,4,4,1014,4175,2008,1935
1,7,0,11344,1524,5,2,3,315,2398,2007,1958
1,4,0,23595,1524,7,1,0,586,2856,2010,1979
1,7,0,9156,1489,6,2,3,462,2978,2009,1968
1,5,0,13526,935,5,1,3,288,1870,2006,1965
1,5,0,11512,1357,6,1,2,312,2376,2008,1959
1,8,0,5362,1250,5,2,3,552,1911,2007,1910
2,10,0,11345,1920,5,2,4,400,2848,2007,1948
1,6,0,12936,1395,6,2,3,497,2118,2009,1972
1,7,0,17871,1724,6,2,3,480,3404,2009,1967
1,7,0,9473,2031,8,3,3,577,3159,2008,2002
1,6,0,7500,1128,4,1,2,528,1826,2010,1920
1,6,0,9808,1573,7,2,3,544,3146,2009,2002
1,6,0,8049,1339,7,2,2,484,2648,2006,1990
1,5,0,8800,1040,5,2,3,484,2080,2009,1977
2,8,0,9400,1824,6,4,4,0,2736,2010,1971
1,10,0,9638,2447,6,2,4,336,3251,2010,1919
1,6,0,6000,1412,6,1,4,280,2192,2009,1939
1,6,0,9790,1328,6,2,3,528,2656,2010,1963
1,7,0,36500,1582,5,2,4,390,3206,2006,1964
1,5,0,5664,1659,8,2,2,499,3160,2009,2000
1,8,0,11065,1970,8,3,3,753,3055,2006,2006
1,6,0,14112,1152,5,1,3,484,2304,2010,1964
1,6,0,1680,1302,5,3,3,264,1932,2009,1972
2,11,0,6600,2372,5,2,4,432,3366,2009,1892
1,8,0,10140,1664,7,3,4,528,2496,2006,1976
1,5,0,8172,864,5,1,2,572,1728,2006,1955
1,5,0,8400,1052,5,2,3,288,2104,2006,1968
1,6,0,8700,1128,5,2,3,525,2248,2008,1963
1,5,0,3675,1072,6,2,2,525,1619,2006,2005
1,12,480,63887,5642,10,3,3,1418,11752,2008,2008
1,6,0,7500,1246,5,2,3,305,2492,2010,1959
1,9,0,10762,1983,7,3,3,490,2961,2009,1999
1,7,0,7500,1494,6,1,3,213,2265,2009,1942
1,8,0,10120,2526,8,3,4,844,3691,2006,1994
1,7,0,8688,1616,7,2,3,834,3232,2006,2005
1,7,0,3363,1708,7,2,3,380,2684,2006,2004
1,6,0,13173,1652,9,2,2,840,3304,2009,2006
1,6,0,6955,1368,7,2,2,474,2736,2006,2005
1,5,0,8072,990,5,1,3,480,1980,2009,1994
1,6,0,12000,1122,5,1,2,528,2046,2008,1948
1,6,0,7153,1294,6,2,3,496,2572,2008,1991
1,7,0,17500,1902,7,2,3,567,3804,2010,1959
1,6,0,8814,1274,7,2,3,508,2548,2007,2005
1,9,0,9572,2810,8,3,4,750,4263,2007,1990
1,10,0,14774,2599,9,3,4,779,3992,2010,1999
1,5,0,8190,948,4,1,3,280,1896,2007,1954
1,9,0,11075,2112,6,3,4,576,3064,2008,1969
1,8,0,10226,1630,8,2,3,860,3252,2009,2008
1,5,0,4230,1352,7,2,2,466,2704,2007,2006
1,7,0,14781,1787,8,2,3,748,3540,2006,2001
1,5,0,10215,948,4,1,3,248,1812,2007,1954
1,6,0,8400,1478,6,2,3,442,2956,2009,1957
1,4,0,6627,720,3,1,2,287,720,2008,1949
1,8,0,10186,1923,7,3,3,564,2673,2010,1992
1,5,0,5330,708,4,1,2,0,1128,2009,1940
1,7,0,9986,1795,8,2,2,895,3590,2007,2006
1,5,0,3636,796,4,1,2,0,1592,2008,1922
1,6,0,4270,774,3,1,3,0,1318,2007,1931
1,5,0,6600,816,5,1,3,264,1632,2008,1982
1,8,0,10440,2792,6,2,5,520,4302,2008,1920
1,8,0,9084,1632,7,3,3,462,2567,2006,1998
1,7,0,10000,1588,8,2,3,825,3176,2007,2006
1,6,0,10780,954,5,1,3,576,1865,2006,1976
1,3,0,8877,816,4,1,2,288,1632,2009,1938
1,6,0,7200,1360,5,2,2,297,2163,2006,1938
1,7,0,2368,1365,5,2,3,440,2130,2009,1970
1,6,0,9650,1334,6,2,2,630,2684,2009,1977
2,8,0,9246,1656,5,2,4,506,3312,2008,1973
1,4,0,4118,693,4,1,2,0,1386,2006,1941
1,8,0,13450,1861,7,3,3,492,2777,2006,2002
1,5,0,9560,864,5,1,3,288,1728,2006,1972
1,5,0,8294,872,4,1,3,480,1730,2007,1971
1,6,0,13695,1114,6,1,3,576,2228,2008,2003
1,7,0,9375,2169,8,3,3,647,3453,2007,2002
1,9,0,7558,1913,6,2,3,342,2809,2009,1928
1,8,0,11103,1456,7,3,3,440,2184,2007,2006
1,5,0,6000,960,4,1,2,308,1920,2007,1920
1,9,0,20781,2156,7,2,3,508,3724,2006,1968
1,7,0,15306,1776,8,2,3,712,3508,2007,2006
1,5,0,16196,1494,7,2,3,514,2976,2007,1998
1,8,0,5250,2358,8,2,4,0,2837,2008,1872
2,12,0,11643,2634,5,4,6,968,3882,2009,1969
1,8,0,9247,1716,6,2,4,490,2574,2008,1962
1,4,0,6000,1176,6,1,2,624,1874,2009,1937
1,9,0,14720,3238,8,3,4,666,5271,2010,1995
1,7,0,10316,1865,7,3,3,839,2857,2008,2000
1,8,0,10192,1920,7,3,4,487,2490,2006,1968
1,5,0,9477,892,5,1,3,264,1756,2008,1966
1,6,0,12537,1078,5,2,3,500,2156,2010,1971
1,5,0,2117,1573,6,3,3,440,2329,2010,2000
1,8,0,16737,1980,9,2,3,770,3960,2006,2004
1,8,0,9842,2601,5,4,4,621,3213,2008,1921
1,7,0,16158,1530,7,2,3,430,3060,2009,2005
1,7,0,12513,1738,4,2,4,368,2453,2009,1920
1,6,0,8499,1412,6,3,3,432,2028,2007,2006
1,4,0,3180,1200,7,3,2,480,1720,2006,2005
1,7,0,7500,1674,7,3,3,663,2488,2010,2000
1,7,0,9179,1790,7,3,3,588,2663,2008,1999
1,6,0,2665,1475,5,2,4,336,2232,2006,1977
1,4,0,4435,848,6,1,1,420,1696,2009,2003
1,8,0,10635,1668,8,2,3,502,3325,2010,2003
1,6,0,5400,1374,4,1,2,338,2214,2009,1920
1,8,0,9600,1661,6,1,3,377,2653,2008,1955
1,8,0,9750,2097,7,3,3,583,3205,2006,1998
1,8,0,11400,2633,10,3,2,804,5266,2007,2001
1,9,0,10625,1958,7,3,3,936,2984,2008,2005
1,7,0,10991,1571,8,2,3,722,3142,2007,2007
1,4,0,6292,790,6,1,2,160,1558,2008,1930
1,6,0,10998,1604,5,2,3,660,2588,2009,1941
1,5,0,1953,987,6,2,2,264,1470,2006,1973
1,7,0,9735,1394,5,3,3,400,1778,2008,2006
1,5,0,8212,864,3,1,2,200,1728,2010,1914
1,7,0,12925,2117,6,3,4,550,3322,2008,1970
1,8,0,7200,1762,7,2,4,576,2358,2006,1920
1,7,0,25339,1416,5,2,3,576,2232,2007,1918
1,6,0,9060,1258,6,1,2,280,1818,2009,1939
1,7,0,5436,1154,4,1,3,240,1950,2010,1922
1,12,519,16692,2784,7,4,5,564,4176,2006,1978
1,10,0,8520,2526,6,2,5,216,3240,2007,1916
1,7,0,14892,1746,9,2,3,758,3492,2009,2006
1,6,0,6000,1218,6,1,3,440,1953,2007,1941
1,6,0,9100,1525,7,2,3,541,3050,2006,2000
2,8,0,8944,1584,5,2,4,792,3168,2009,1967
1,6,0,7838,900,5,1,3,288,1764,2006,1967
2,7,0,10800,1912,6,2,3,672,2394,2008,1905
1,6,0,4045,1500,7,2,2,648,2856,2006,2006
1,9,0,12665,2482,8,3,4,642,3576,2007,2005
1,7,0,57200,1687,5,1,3,572,2434,2010,1948
1,8,0,6120,1513,5,2,4,180,2452,2007,1920
1,7,0,7200,1904,5,2,3,240,3112,2009,1950
1,7,0,6171,1608,6,3,3,216,2584,2009,1925
1,5,0,6000,1158,6,1,3,208,2020,2008,1929
1,8,0,7415,1593,6,3,3,398,2432,2008,2004
1,6,0,6762,1294,7,2,2,662,2580,2006,2006
1,6,0,15256,1464,8,2,3,754,2949,2007,2007
1,6,0,10410,1214,3,1,3,936,1886,2006,1915
1,5,0,3842,1646,8,2,2,482,3240,2008,2004
1,5,0,8445,768,5,1,2,396,1536,2009,1972
1,5,0,8780,833,5,1,3,0,1666,2009,1985
1,6,0,7740,1363,4,1,3,528,1985,2010,1910
1,7,0,20544,2093,7,3,3,542,2884,2008,1986
1,6,0,12420,1840,7,3,3,622,2784,2009,2001
1,6,0,9600,1668,6,2,3,271,2524,2009,1950
2,6,0,7200,1040,4,2,2,420,1040,2009,1949
1,7,0,10994,1844,8,2,2,620,3688,2009,2005
1,8,0,13053,1848,6,2,4,370,2681,2008,1923
1,7,0,3635,1569,7,2,1,660,2955,2009,2007
2,11,0,11340,2290,4,2,4,560,3067,2010,1885
1,7,0,16545,2450,8,3,3,1069,3734,2009,1998
1,6,0,9204,1144,5,2,3,336,2288,2008,1963
1,7,0,16381,1844,6,2,3,540,3688,2006,1969
1,7,0,11700,1416,6,3,3,776,2124,2006,1968
1,4,0,4043,1069,6,2,2,440,2138,2010,1977
1,3,0,4435,848,6,1,1,420,1696,2008,2003
1,8,738,19690,2201,6,2,4,432,2898,2006,1966
1,6,0,9503,1344,5,1,2,484,2368,2007,1958
1,7,0,10721,1252,6,1,3,528,2504,2008,1959
1,5,0,10944,2127,7,3,3,525,3350,2008,1994
1,6,0,10930,1558,5,2,3,288,2471,2008,1945
1,4,0,7200,804,5,1,2,240,1592,2010,1940
1,7,0,12546,1440,6,2,3,467,2880,2007,1981
1,7,0,21930,1838,5,3,4,372,2570,2006,2005
1,5,0,4928,958,6,2,2,440,1916,2009,1976
1,5,0,10800,968,4,2,4,216,1624,2007,1927
1,8,0,10261,1792,6,3,3,451,2728,2008,2000
1,5,0,17400,1126,5,2,3,484,2252,2006,1977
1,7,0,8400,1537,6,2,3,462,2856,2008,1962
1,5,0,9000,864,4,1,3,528,1728,2007,1971
1,7,0,12444,1932,8,2,2,774,3864,2008,2008
1,6,0,7407,1236,6,1,2,923,2148,2010,1957
1,6,0,11584,1725,7,3,3,550,2264,2007,1979
1,11,0,11526,2555,6,2,3,672,2759,2008,1922
1,3,0,4426,848,6,1,1,420,1696,2008,2004
1,10,0,11003,2007,10,3,3,812,3024,2009,2008
1,4,0,8854,952,6,1,2,192,1904,2009,1916
1,7,0,8500,1422,7,2,3,626,2844,2007,2004
1,6,0,8400,913,6,1,3,240,1727,2007,1966
1,6,0,26142,1188,5,1,3,312,2376,2010,1962
1,8,0,10000,2090,8,3,3,556,3310,2007,1995
1,6,0,11767,1346,4,2,2,384,1906,2007,1910
1,3,0,1533,630,5,1,1,0,1260,2006,1970
2,8,0,9000,1792,5,4,4,0,2688,2009,1974
1,7,0,9262,1578,8,2,3,840,3151,2009,2008
1,5,0,3675,1072,5,1,2,525,1619,2006,2005
1,6,0,17217,1140,5,1,3,0,2280,2006,2006
1,6,0,7500,1221,7,2,2,400,2442,2009,2004
1,7,0,7917,1647,6,3,3,460,2600,2007,1999
1,7,0,13175,2073,6,2,3,500,3615,2010,1978
1,9,0,9042,2340,7,2,4,252,3492,2010,1941
1,5,0,9717,1078,5,1,2,240,2156,2010,1950
1,6,0,9937,1256,5,2,3,276,2512,2008,1965
